R_5_5	DFII10	daten
		02jan2017
.8615198	.47	03jan2017
.8615198	.47	04jan2017
.8115205	.42	05jan2017
.8414429	.46	06jan2017
.8215204	.43	09jan2017
.8114433	.43	10jan2017
.7412245	.39	11jan2017
.761444	.38	12jan2017
.7712954	.41	13jan2017
		16jan2017
.721296	.36	17jan2017
.7712241	.42	18jan2017
.7912951	.43	19jan2017
.8516805	.44	20jan2017
.7613687	.39	23jan2017
.8115999	.41	24jan2017
.8717635	.45	25jan2017
.8517638	.43	26jan2017
.8418494	.41	27jan2017
.8518491	.42	30jan2017
.8419368	.4	31jan2017
.8517638	.43	01feb2017
.8719362	.43	02feb2017
.8617637	.44	03feb2017
.852026	.4	06feb2017
.8217643	.4	07feb2017
.7715212	.38	08feb2017
.8015207	.41	09feb2017
.7814437	.4	10feb2017
.8114433	.43	13feb2017
.8112237	.46	14feb2017
.8213679	.45	15feb2017
.8114433	.43	16feb2017
.7511552	.41	17feb2017
		20feb2017
.7411553	.4	21feb2017
.761444	.38	22feb2017
.7314444	.35	23feb2017
.7216827	.31	24feb2017
.6911559	.35	27feb2017
.681156	.34	28feb2017
.7107828	.43	01mar2017
.7708394	.48	02mar2017
.8012238	.45	03mar2017
.8412944	.48	06mar2017
.8512943	.49	07mar2017
.9414414	.56	08mar2017
.9612929	.6	09mar2017
.9312932	.57	10mar2017
.941086	.61	13mar2017
.9712928	.61	14mar2017
.8210222	.5	15mar2017
.841087	.51	16mar2017
.8412233	.49	17mar2017
.8010875	.47	20mar2017
.7408397	.45	21mar2017
.7007279	.43	22mar2017
.7206747	.46	23mar2017
.640483	.42	24mar2017
.640528	.41	27mar2017
.6604399	.45	28mar2017
.690783	.41	29mar2017
.7709596	.46	30mar2017
.7007279	.43	31mar2017
.6305751	.39	03apr2017
.6908401	.4	04apr2017
.6608403	.37	05apr2017
.6205281	.39	06apr2017
.6604829	.44	07apr2017
.6604829	.44	10apr2017
.680728	.41	11apr2017
.6406752	.38	12apr2017
.6108407	.32	13apr2017
		14apr2017
.6607832	.38	17apr2017
.6007286	.33	18apr2017
.6407834	.36	19apr2017
.8218497	.39	20apr2017
.8217643	.4	21apr2017
.821681	.41	24apr2017
.8617637	.44	25apr2017
.8316808	.42	26apr2017
.781521	.39	27apr2017
.741369	.37	28apr2017
.7813684	.41	01may2017
.7813684	.41	02may2017
.8212947	.46	03may2017
.8411542	.5	04may2017
.8612942	.5	05may2017
.9013668	.53	08may2017
.9212934	.56	09may2017
.9615974	.56	10may2017
.9115982	.51	11may2017
.8815195	.49	12may2017
.921598	.52	15may2017
.9015192	.51	16may2017
.8214431	.44	17may2017
.8013682	.43	18may2017
.7813684	.41	19may2017
.8114433	.43	22may2017
.8515199	.46	23may2017
.8415201	.45	24may2017
.8213679	.45	25may2017
.8214431	.44	26may2017
		29may2017
.7713686	.4	30may2017
.7713686	.4	31may2017
.7713686	.4	01jun2017
.7313691	.36	02jun2017
.7613687	.39	05jun2017
.741369	.37	06jun2017
.7512244	.4	07jun2017
.7612243	.41	08jun2017
.771155	.43	09jun2017
.8112237	.46	12jun2017
.8011546	.46	13jun2017
.7308397	.44	14jun2017
.7808393	.49	15jun2017
.7908983	.49	16jun2017
.8007821	.52	19jun2017
.7707273	.5	20jun2017
.7606744	.5	21jun2017
.7307276	.46	22jun2017
.7207277	.45	23jun2017
.7007279	.43	26jun2017
.7908393	.5	27jun2017
.8210873	.49	28jun2017
.8710217	.55	29jun2017
.9010213	.58	30jun2017
.9310861	.6	03jul2017
		04jul2017
.8909584	.58	05jul2017
.941086	.61	06jul2017
1.001152	.66	07jul2017
.9910855	.66	10jul2017
.930958	.62	11jul2017
.8910214	.57	12jul2017
.9110863	.58	13jul2017
.8910214	.57	14jul2017
.8610218	.54	17jul2017
.820959	.51	18jul2017
.841087	.51	19jul2017
.8008982	.5	20jul2017
.7708394	.48	21jul2017
.7507275	.48	24jul2017
.8108391	.52	25jul2017
.8110223	.49	26jul2017
.8210873	.49	27jul2017
.7910225	.47	28jul2017
.7909594	.48	31jul2017
.7608395	.47	01aug2017
.7708394	.48	02aug2017
.7508396	.46	03aug2017
.7708985	.47	04aug2017
.7608986	.46	07aug2017
.7709596	.46	08aug2017
.7309599	.42	09aug2017
.7008991	.4	10aug2017
.7008991	.4	11aug2017
.7207277	.45	14aug2017
.7808393	.49	15aug2017
.7307826	.45	16aug2017
.6907279	.42	17aug2017
.7007279	.43	18aug2017
.6906748	.43	21aug2017
.7106747	.45	22aug2017
.6605749	.42	23aug2017
.7006748	.44	24aug2017
.640483	.42	25aug2017
.640528	.41	28aug2017
.6205281	.39	29aug2017
.6305751	.39	30aug2017
.6005753	.36	31aug2017
.6407283	.37	01sep2017
		04sep2017
.5305287	.3	05sep2017
.5505285	.32	06sep2017
.5005758	.26	07sep2017
.4905759	.25	08sep2017
.5405286	.31	11sep2017
.5806245	.33	12sep2017
.6006244	.35	13sep2017
.6106754	.35	14sep2017
.6106754	.35	15sep2017
.6307284	.36	18sep2017
.6407283	.37	19sep2017
.6806239	.43	20sep2017
.6906238	.44	21sep2017
.6706239	.42	22sep2017
.6306242	.38	25sep2017
.6506241	.4	26sep2017
.7107278	.44	27sep2017
.7207828	.44	28sep2017
.7406235	.49	29sep2017
.8108981	.51	02oct2017
.7406235	.49	03oct2017
.7708394	.48	04oct2017
.7808393	.49	05oct2017
.8109592	.5	06oct2017
		09oct2017
.7407275	.47	10oct2017
.7206747	.46	11oct2017
.7207828	.44	12oct2017
.6605279	.43	13oct2017
.6302882	.46	16oct2017
.6803989	.48	17oct2017
.7003988	.5	18oct2017
.6602881	.49	19oct2017
.7706233	.52	20oct2017
.7203987	.52	23oct2017
.7805274	.55	24oct2017
.8005742	.56	25oct2017
.8306739	.57	26oct2017
.8107271	.54	27oct2017
.7707273	.5	30oct2017
.7807823	.5	31oct2017
.6803599	.49	01nov2017
.7507275	.48	02nov2017
.7105277	.48	03nov2017
.7005748	.46	06nov2017
.6906238	.44	07nov2017
.6604399	.45	08nov2017
.7106237	.46	09nov2017
.7605743	.52	10nov2017
.7505274	.52	13nov2017
.7505744	.51	14nov2017
.7004827	.48	15nov2017
.7806232	.53	16nov2017
.670323	.49	17nov2017
.6902879	.52	20nov2017
.6802551	.52	21nov2017
.660323	.48	22nov2017
		23nov2017
.6401953	.5	24nov2017
.6101435	.49	27nov2017
.6201435	.5	28nov2017
.6601683	.53	29nov2017
.7102241	.56	30nov2017
.6100996	.51	01dec2017
.6101205	.5	04dec2017
.5400159	.5	05dec2017
.5700997	.47	06dec2017
.6000996	.5	07dec2017
.5700488	.5	08dec2017
.6201205	.51	11dec2017
.6201205	.51	12dec2017
.5800996	.48	13dec2017
.5800996	.48	14dec2017
.5500638	.47	15dec2017
.5400159	.5	18dec2017
.6100358	.55	19dec2017
.6400487	.57	20dec2017
.6801683	.55	21dec2017
.6400996	.54	22dec2017
		25dec2017
.5700158	.53	26dec2017
.5600637	.48	27dec2017
.5700997	.47	28dec2017
.5400997	.44	29dec2017
		01jan2018
.5701206	.46	02jan2018
.5400638	.46	03jan2018
.5500996	.45	04jan2018
.5801435	.46	05jan2018
.5600807	.47	08jan2018
.6601952	.52	09jan2018
.6601952	.52	10jan2018
.6501205	.54	11jan2018
.6501205	.54	12jan2018
		15jan2018
.6000807	.51	16jan2018
.5700158	.53	17jan2018
.7001683	.57	18jan2018
.7101682	.58	19jan2018
.7401952	.6	22jan2018
.6300358	.57	23jan2018
.6901204	.58	24jan2018
.6200358	.56	25jan2018
.6000089	.57	26jan2018
.650016	.61	29jan2018
.7200806	.63	30jan2018
.6800488	.61	31jan2018
.710016	.67	01feb2018
.7500249	.7	02feb2018
.7901433	.67	05feb2018
.7400249	.69	06feb2018
.8100487	.74	07feb2018
.8400635	.76	08feb2018
.8700804	.78	09feb2018
.8600487	.79	12feb2018
.900143	.78	13feb2018
.9000635	.82	14feb2018
.9301948	.79	15feb2018
.9302235	.78	16feb2018
		19feb2018
.9502872	.78	20feb2018
1.010359	.82	21feb2018
1.020438	.81	22feb2018
.9403221	.76	23feb2018
.930398	.73	26feb2018
.9603589	.77	27feb2018
.8901948	.75	28feb2018
.8702545	.71	01mar2018
.8801948	.74	02mar2018
.9002236	.75	05mar2018
.9704385	.76	06mar2018
.9704385	.76	07mar2018
.9503978	.75	08mar2018
.8700804	.78	09mar2018
.9202236	.77	12mar2018
.9303222	.75	13mar2018
.9102874	.74	14mar2018
.930359	.74	15mar2018
.9402872	.77	16mar2018
.9302544	.77	19mar2018
.9802872	.81	20mar2018
.8700486	.8	21mar2018
.9002236	.75	22mar2018
.9002236	.75	23mar2018
.9101948	.77	26mar2018
.7800487	.71	27mar2018
.760016	.72	28mar2018
.7400249	.69	29mar2018
		30mar2018
.8001432	.68	02apr2018
.8100994	.71	03apr2018
.8501949	.71	04apr2018
.7900159	.75	05apr2018
.830168	.7	06apr2018
.840168	.71	09apr2018
.8200994	.72	10apr2018
.8001432	.68	11apr2018
.7800636	.7	12apr2018
.7200089	.69	13apr2018
.8100994	.71	16apr2018
.690001	.68	17apr2018
.730004	.71	18apr2018
.8500994	.75	19apr2018
.8800805	.79	20apr2018
.8800635	.8	23apr2018
.9300992	.83	24apr2018
.9701201	.86	25apr2018
.9200993	.82	26apr2018
.8700636	.79	27apr2018
.8700804	.78	30apr2018
.8900635	.81	01may2018
.8900805	.8	02may2018
.8700804	.78	03may2018
.8900993	.79	04may2018
.8901201	.78	07may2018
.9100993	.81	08may2018
.9301202	.82	09may2018
.8900805	.8	10may2018
.9301202	.82	11may2018
.970143	.85	14may2018
1.030168	.9	15may2018
1.060194	.92	16may2018
1.120287	.95	17may2018
1.060223	.91	18may2018
1.050223	.9	21may2018
1.050195	.91	22may2018
1.030254	.87	23may2018
1.010224	.86	24may2018
.9601429	.84	25may2018
		28may2018
.860168	.73	29may2018
.8901201	.78	30may2018
.8701202	.76	31may2018
.9201431	.8	01jun2018
.9200993	.82	04jun2018
.8700636	.79	05jun2018
.9100635	.83	06jun2018
.9101202	.8	07jun2018
.9301202	.82	08jun2018
.9401201	.83	11jun2018
.9200804	.83	12jun2018
.9600993	.86	13jun2018
.9000635	.82	14jun2018
.8900635	.81	15jun2018
.8800635	.8	18jun2018
.8400486	.77	19jun2018
.8800486	.81	20jun2018
.8600487	.79	21jun2018
.8600635	.78	22jun2018
.8500635	.77	25jun2018
.8400635	.76	26jun2018
.8000637	.72	27jun2018
.8200636	.74	28jun2018
.8100487	.74	29jun2018
.7800249	.73	02jul2018
.7800487	.71	03jul2018
		04jul2018
.7800487	.71	05jul2018
.7700487	.7	06jul2018
.8100637	.73	09jul2018
.8000358	.74	10jul2018
.8100487	.74	11jul2018
.8100358	.75	12jul2018
.7800358	.72	13jul2018
.8000249	.75	16jul2018
.8100158	.77	17jul2018
.8400248	.79	18jul2018
.770004	.75	19jul2018
.8100089	.78	20jul2018
.880009	.85	23jul2018
.850001	.84	24jul2018
.81	.81	25jul2018
.880001	.87	26jul2018
.84	.84	27jul2018
.8600011	.85	30jul2018
.8300009	.84	31jul2018
.87	.87	01aug2018
.86	.86	02aug2018
.840001	.83	03aug2018
.840001	.83	06aug2018
.8600011	.85	07aug2018
.85	.85	08aug2018
.810001	.82	09aug2018
.790001	.78	10aug2018
.8000039	.78	13aug2018
.820004	.8	14aug2018
.8000039	.78	15aug2018
.8000011	.79	16aug2018
.79	.79	17aug2018
.75	.75	20aug2018
.780001	.77	21aug2018
.74	.74	22aug2018
.73	.73	23aug2018
.73	.73	24aug2018
.74	.74	27aug2018
.760001	.77	28aug2018
.760001	.77	29aug2018
.76	.76	30aug2018
.8000039	.78	31aug2018
		03sep2018
.810001	.8	04sep2018
.830004	.81	05sep2018
.810001	.8	06sep2018
.84	.84	07sep2018
.8300009	.84	10sep2018
.86	.86	11sep2018
.85	.85	12sep2018
.850004	.87	13sep2018
.880001	.89	14sep2018
.880001	.89	17sep2018
.910001	.92	18sep2018
.920001	.93	19sep2018
.900004	.92	20sep2018
.910001	.92	21sep2018
.910001	.92	24sep2018
.94	.94	25sep2018
.92	.92	26sep2018
.900001	.91	27sep2018
.91	.91	28sep2018
.9800089	.95	01oct2018
.950004	.93	02oct2018
1.030016	.99	03oct2018
1.070016	1.03	04oct2018
1.120025	1.07	05oct2018
		08oct2018
1.080016	1.04	09oct2018
1.110025	1.06	10oct2018
1.030001	1.02	11oct2018
1.050004	1.03	12oct2018
1.050004	1.03	15oct2018
1.050004	1.03	16oct2018
1.080004	1.06	17oct2018
1.100009	1.07	18oct2018
1.110004	1.09	19oct2018
1.110004	1.09	22oct2018
1.090001	1.08	23oct2018
1.050004	1.03	24oct2018
1.110004	1.09	25oct2018
1.060016	1.02	26oct2018
1.050009	1.02	29oct2018
1.110016	1.07	30oct2018
1.120004	1.1	31oct2018
1.160016	1.12	01nov2018
1.190009	1.16	02nov2018
1.160004	1.14	05nov2018
1.170004	1.15	06nov2018
1.160001	1.15	07nov2018
1.17	1.17	08nov2018
1.15	1.15	09nov2018
		12nov2018
1.130001	1.12	13nov2018
1.140004	1.12	14nov2018
1.130004	1.11	15nov2018
1.100016	1.06	16nov2018
1.120025	1.07	19nov2018
1.120009	1.09	20nov2018
1.100001	1.09	21nov2018
		22nov2018
1.070004	1.09	23nov2018
1.100001	1.11	26nov2018
1.140001	1.15	27nov2018
1.110001	1.12	28nov2018
1.040001	1.05	29nov2018
1.010009	1.04	30nov2018
.9700246	1.02	03dec2018
.8900635	.97	04dec2018
		05dec2018
.8800803	.97	06dec2018
.9000356	.96	07dec2018
.9200485	.99	10dec2018
.9900483	1.06	11dec2018
1.010049	1.08	12dec2018
1.030025	1.08	13dec2018
1.010036	1.07	14dec2018
.9900355	1.05	17dec2018
.9500356	1.01	18dec2018
.8800803	.97	19dec2018
.94008	1.03	20dec2018
.9500484	1.02	21dec2018
.9200485	.99	24dec2018
		25dec2018
.9800355	1.04	26dec2018
.9900157	1.03	27dec2018
.9400248	.99	28dec2018
.960004	.98	31dec2018
		01jan2019
.9200158	.96	02jan2019
.88	.88	03jan2019
.91	.91	04jan2019
.92	.92	07jan2019
.900001	.91	08jan2019
.9300041	.91	09jan2019
.950004	.93	10jan2019
.900004	.88	11jan2019
.910001	.9	14jan2019
.9200011	.91	15jan2019
.9200011	.91	16jan2019
.9800039	.96	17jan2019
.970001	.96	18jan2019
		21jan2019
.960001	.95	22jan2019
.970001	.96	23jan2019
.9700039	.95	24jan2019
.990004	.97	25jan2019
.9800011	.97	28jan2019
.950001	.94	29jan2019
.9100248	.86	30jan2019
.8300247	.78	31jan2019
.8500089	.82	01feb2019
.9100248	.86	04feb2019
.8900247	.84	05feb2019
.8900247	.84	06feb2019
.8500159	.81	07feb2019
.8700357	.81	08feb2019
.8800248	.83	11feb2019
.9200487	.85	12feb2019
.9300636	.85	13feb2019
.8800486	.81	14feb2019
.8600358	.8	15feb2019
		18feb2019
.8500486	.78	19feb2019
.8400635	.76	20feb2019
.8500486	.78	21feb2019
.8300805	.74	22feb2019
.8400804	.75	25feb2019
.8100805	.72	26feb2019
.8701202	.76	27feb2019
.8800992	.78	28feb2019
.8900805	.8	01mar2019
.8700804	.78	04mar2019
.8800805	.79	05mar2019
.8800992	.78	06mar2019
.8400994	.74	07mar2019
.8200994	.72	08mar2019
.8401203	.73	11mar2019
.8201202	.71	12mar2019
.8001203	.69	13mar2019
.8001203	.69	14mar2019
.7601203	.65	15mar2019
.7400994	.64	18mar2019
.7500806	.66	19mar2019
.7001433	.58	20mar2019
.6800995	.58	21mar2019
.6400996	.54	22mar2019
.6601205	.55	25mar2019
.6701434	.55	26mar2019
.6601205	.55	27mar2019
.6400637	.56	28mar2019
.6100637	.53	29mar2019
.6900995	.59	01apr2019
.6901204	.58	02apr2019
.7100995	.61	03apr2019
.7100995	.61	04apr2019
.6800637	.6	05apr2019
.7000806	.61	08apr2019
.6900806	.6	09apr2019
.6300807	.54	10apr2019
.6500637	.57	11apr2019
.7000806	.61	12apr2019
.7000806	.61	15apr2019
.7300805	.64	16apr2019
.7400805	.65	17apr2019
.7200995	.62	18apr2019
		19apr2019
.7601432	.64	22apr2019
.7501682	.62	23apr2019
.6901433	.57	24apr2019
.6500806	.56	25apr2019
.6501205	.54	26apr2019
.7001433	.58	29apr2019
.6901683	.56	30apr2019
.7001204	.59	01may2019
.7600995	.66	02may2019
.7300995	.63	03may2019
.7101204	.6	06may2019
.6700805	.58	07may2019
.7100806	.62	08may2019
.6800637	.6	09may2019
.6700636	.59	10may2019
.6500996	.55	13may2019
.6701205	.56	14may2019
.6701683	.54	15may2019
.6901683	.56	16may2019
.7001433	.58	17may2019
.7000995	.6	20may2019
.6900806	.6	21may2019
.6900806	.6	22may2019
.6700805	.58	23may2019
.6200358	.56	24may2019
		27may2019
.5800248	.53	28may2019
.5400159	.5	29may2019
.5200159	.48	30may2019
.4500249	.4	31may2019
.4100489	.34	03jun2019
.4600638	.38	04jun2019
.4700997	.37	05jun2019
.4800807	.39	06jun2019
.4601207	.35	07jun2019
.5301206	.42	10jun2019
.5100638	.43	11jun2019
.4900488	.42	12jun2019
.5100807	.42	13jun2019
.5500807	.46	14jun2019
.5600637	.48	17jun2019
.5000638	.42	18jun2019
.4801437	.36	19jun2019
.3801208	.27	20jun2019
.4801956	.34	21jun2019
.4401687	.31	24jun2019
.4501437	.33	25jun2019
.4601207	.35	26jun2019
.4300998	.33	27jun2019
.3900639	.31	28jun2019
.4200639	.34	01jul2019
.4100639	.33	02jul2019
.3900639	.31	03jul2019
		04jul2019
.4100359	.35	05jul2019
.3900159	.35	08jul2019
.400016	.36	09jul2019
.4300998	.33	10jul2019
.4701207	.36	11jul2019
.4601207	.35	12jul2019
.4100808	.32	15jul2019
.4100639	.33	16jul2019
.3900639	.31	17jul2019
.3200489	.25	18jul2019
.300025	.25	19jul2019
.3100249	.26	22jul2019
.320025	.27	23jul2019
.290009	.26	24jul2019
.310009	.28	25jul2019
.320004	.3	26jul2019
.310004	.29	29jul2019
.300004	.28	30jul2019
.240004	.26	31jul2019
.190001	.2	01aug2019
.190001	.2	02aug2019
.140001	.15	05aug2019
.090004	.11	06aug2019
.040025	.09	07aug2019
.030016	.07	08aug2019
.030025	.08	09aug2019
-.019964	.04	12aug2019
-.0299361	.05	13aug2019
-.1098313	.02	14aug2019
-.1199001	-.02	15aug2019
-.059951	.01	16aug2019
-.0299511	.04	19aug2019
-.039964	.02	20aug2019
-.0299361	.05	21aug2019
-.0099361	.07	22aug2019
-.089951	-.02	23aug2019
-.0899191	0	26aug2019
-.1599	-.06	27aug2019
-.169919	-.08	28aug2019
-.1899	-.09	29aug2019
-.139919	-.05	30aug2019
		02sep2019
-.119919	-.03	03sep2019
-.089975	-.04	04sep2019
-.059951	.01	05sep2019
-.049964	.01	06sep2019
.010025	.06	09sep2019
.0600359	.12	10sep2019
.100025	.15	11sep2019
.1000359	.16	12sep2019
.1700359	.23	13sep2019
.130016	.17	16sep2019
.100025	.15	17sep2019
.1400488	.21	18sep2019
.1100489	.18	19sep2019
.0700359	.13	20sep2019
.0500359	.11	23sep2019
-.0099511	.06	24sep2019
.0700359	.13	25sep2019
.0700359	.13	26sep2019
.120016	.16	27sep2019
.100025	.15	30sep2019
.0800249	.13	01oct2019
.060016	.1	02oct2019
.030009	.06	03oct2019
-.029975	.02	04oct2019
-.009964	.05	07oct2019
.010025	.06	08oct2019
.0400359	.1	09oct2019
.110016	.15	10oct2019
.150025	.2	11oct2019
		14oct2019
.1600249	.21	15oct2019
.140016	.18	16oct2019
.2901439	.17	17oct2019
.2801439	.16	18oct2019
.3001209	.19	21oct2019
.2700999	.17	22oct2019
.2600999	.16	23oct2019
.240081	.15	24oct2019
.230064	.15	25oct2019
.2900639	.21	28oct2019
.3100639	.23	29oct2019
.2800489	.21	30oct2019
.230064	.15	31oct2019
.230081	.14	01nov2019
.260121	.15	04nov2019
.2800999	.18	05nov2019
.240081	.15	06nov2019
.3300999	.23	07nov2019
.3501438	.23	08nov2019
		11nov2019
.3100809	.22	12nov2019
.3301209	.22	13nov2019
.3101209	.2	14nov2019
.2900639	.21	15nov2019
.2700809	.18	18nov2019
.220036	.16	19nov2019
.190036	.13	20nov2019
.190025	.14	21nov2019
.210036	.15	22nov2019
.190025	.14	25nov2019
.180036	.12	26nov2019
.190025	.14	27nov2019
		28nov2019
.220025	.17	29nov2019
.250049	.18	02dec2019
.150036	.09	03dec2019
.160025	.11	04dec2019
.190036	.13	05dec2019
.220049	.15	06dec2019
.200036	.14	09dec2019
.190025	.14	10dec2019
.160036	.1	11dec2019
.250049	.18	12dec2019
.200064	.12	13dec2019
.240064	.16	16dec2019
.220064	.14	17dec2019
.2600999	.16	18dec2019
.2501	.15	19dec2019
.240081	.15	20dec2019
.2800999	.18	23dec2019
.2501	.15	24dec2019
		25dec2019
.2600999	.16	26dec2019
.260121	.15	27dec2019
.280169	.15	30dec2019
.290196	.15	31dec2019
		01jan2020
.2101691	.08	02jan2020
.1601692	.03	03jan2020
.2001961	.06	06jan2020
.2301961	.09	07jan2020
.250169	.12	08jan2020
.240169	.11	09jan2020
.180121	.07	10jan2020
.2101691	.08	13jan2020
.1701441	.05	14jan2020
.1501211	.04	15jan2020
.1901441	.07	16jan2020
.2301961	.09	17jan2020
		20jan2020
.1701692	.04	21jan2020
.1701441	.05	22jan2020
.1701692	.04	23jan2020
.1501692	.02	24jan2020
.0801001	-.02	27jan2020
.1201442	0	28jan2020
.0901693	-.04	29jan2020
.0601693	-.07	30jan2020
.0001966	-.14	31jan2020
.0301443	-.09	03feb2020
.1001693	-.03	04feb2020
.1502253	0	05feb2020
.1201963	-.02	06feb2020
.0601693	-.07	07feb2020
.0401965	-.1	10feb2020
.0801964	-.06	11feb2020
.1102254	-.04	12feb2020
.1002566	-.06	13feb2020
.0802255	-.07	14feb2020
		17feb2020
.0502256	-.1	18feb2020
.0602255	-.09	19feb2020
.0402256	-.11	20feb2020
.0002257	-.15	21feb2020
-.0597742	-.21	24feb2020
-.0397431	-.2	25feb2020
-.0597742	-.21	26feb2020
-.0898033	-.23	27feb2020
-.1197429	-.28	28feb2020
-.1798303	-.31	02mar2020
-.2898029	-.43	03mar2020
-.2897737	-.44	04mar2020
-.3498299	-.48	05mar2020
-.579999	-.57	06mar2020
-.5598786	-.45	09mar2020
-.3398998	-.24	10mar2020
-.249879	-.14	11mar2020
-.109951	-.04	12mar2020
-.0898313	.04	13mar2020
-.1896397	0	16mar2020
.2801204	.39	17mar2020
.4700636	.55	18mar2020
.7200995	.62	19mar2020
.130016	.17	20mar2020
-.089975	-.04	23mar2020
-.2299	-.13	24mar2020
-.249964	-.19	25mar2020
-.269991	-.24	26mar2020
-.3099189	-.22	27mar2020
-.3199509	-.25	30mar2020
-.219975	-.17	31mar2020
-.3898998	-.29	01apr2020
-.4599639	-.4	02apr2020
-.5299509	-.46	03apr2020
-.5299639	-.47	06apr2020
-.4599839	-.42	07apr2020
-.4399959	-.42	08apr2020
-.509999	-.5	09apr2020
		10apr2020
-.5	-.5	13apr2020
-.5399989	-.53	14apr2020
-.589991	-.56	15apr2020
-.4899508	-.42	16apr2020
-.409975	-.36	17apr2020
-.4098998	-.31	20apr2020
-.5198035	-.38	21apr2020
-.5398786	-.43	22apr2020
-.5798034	-.44	23apr2020
-.6597741	-.51	24apr2020
-.6298304	-.5	27apr2020
-.6498303	-.52	28apr2020
-.5999187	-.51	29apr2020
-.4999508	-.43	30apr2020
-.5198997	-.42	01may2020
-.5298997	-.43	04may2020
-.5299187	-.44	05may2020
-.4199839	-.38	06may2020
-.4899839	-.45	07may2020
-.449996	-.43	08may2020
-.409999	-.4	11may2020
-.419996	-.4	12may2020
-.459991	-.43	13may2020
-.459991	-.43	14may2020
-.459999	-.45	15may2020
-.419996	-.44	18may2020
-.429996	-.45	19may2020
-.469999	-.48	20may2020
-.46	-.46	21may2020
-.46	-.46	22may2020
		25may2020
-.409991	-.44	26may2020
-.439996	-.46	27may2020
-.4399839	-.48	28may2020
-.469991	-.5	29may2020
-.509999	-.52	01jun2020
-.479996	-.5	02jun2020
-.3799638	-.44	03jun2020
-.3199357	-.4	04jun2020
-.2398553	-.36	05jun2020
-.2698301	-.4	08jun2020
-.2597425	-.42	09jun2020
-.3697734	-.52	10jun2020
-.4699356	-.55	11jun2020
-.3798551	-.5	12jun2020
-.3898299	-.52	15jun2020
-.3597422	-.52	16jun2020
-.3697734	-.52	17jun2020
-.3595555	-.57	18jun2020
-.4698298	-.6	19jun2020
-.4898025	-.63	22jun2020
-.5097732	-.66	23jun2020
-.5098297	-.64	24jun2020
-.5098023	-.65	25jun2020
-.5498296	-.68	26jun2020
-.5397418	-.7	29jun2020
-.4896359	-.68	30jun2020
-.4996732	-.68	01jul2020
-.5396357	-.73	02jul2020
		03jul2020
-.5495546	-.76	06jul2020
-.5896354	-.78	07jul2020
-.5495962	-.75	08jul2020
-.5997082	-.77	09jul2020
-.5696355	-.76	10jul2020
-.5896354	-.78	13jul2020
-.5695545	-.78	14jul2020
-.5394656	-.77	15jul2020
-.5594656	-.79	16jul2020
-.5794179	-.82	17jul2020
-.5994176	-.84	20jul2020
-.6093163	-.87	21jul2020
-.6293678	-.88	22jul2020
-.6995955	-.9	23jul2020
-.7597412	-.92	24jul2020
-.7196724	-.9	27jul2020
-.7396724	-.92	28jul2020
-.7696723	-.95	29jul2020
-.7997077	-.97	30jul2020
-.8096346	-1	31jul2020
-.7995099	-1.02	03aug2020
-.8395533	-1.05	04aug2020
-.8194163	-1.06	05aug2020
-.8394163	-1.08	06aug2020
-.8094642	-1.04	07aug2020
-.7894643	-1.02	10aug2020
-.7494168	-.99	11aug2020
-.6992061	-.98	12aug2020
-.6792061	-.96	13aug2020
-.6390887	-.94	14aug2020
-.6892061	-.97	17aug2020
-.7392616	-1.01	18aug2020
-.7192617	-.99	19aug2020
-.7193673	-.97	20aug2020
-.7493671	-1	21aug2020
-.7492615	-1.02	24aug2020
-.719148	-1.01	25aug2020
-.7089619	-1.03	26aug2020
-.6387584	-.99	27aug2020
-.6586115	-1.03	28aug2020
-.7488955	-1.08	31aug2020
-.7690256	-1.08	01sep2020
-.7892054	-1.07	02sep2020
-.7492615	-1.02	03sep2020
-.6891482	-.98	04sep2020
		07sep2020
-.7092059	-.99	08sep2020
-.709148	-1	09sep2020
-.7392616	-1.01	10sep2020
-.6891482	-.98	11sep2020
-.6690885	-.97	14sep2020
-.7092059	-.99	15sep2020
-.6890883	-.99	16sep2020
-.6489627	-.97	17sep2020
-.6489627	-.97	18sep2020
-.6491485	-.94	21sep2020
-.6491485	-.94	22sep2020
-.6392065	-.92	23sep2020
-.6392624	-.91	24sep2020
-.6693677	-.92	25sep2020
-.6592063	-.94	28sep2020
-.7092618	-.98	29sep2020
-.6592063	-.94	30sep2020
-.6893157	-.95	01oct2020
-.6793157	-.94	02oct2020
-.6091487	-.9	05oct2020
-.6091487	-.9	06oct2020
-.6091487	-.9	07oct2020
-.6491485	-.94	08oct2020
-.6592063	-.94	09oct2020
		12oct2020
-.7093673	-.96	13oct2020
-.6993156	-.96	14oct2020
-.6993673	-.95	15oct2020
-.6893157	-.95	16oct2020
-.6693158	-.93	19oct2020
-.6292065	-.91	20oct2020
-.6191488	-.91	21oct2020
-.4782969	-.89	22oct2020
-.5084591	-.9	23oct2020
-.5386133	-.91	26oct2020
-.5385371	-.92	27oct2020
-.5486874	-.91	28oct2020
-.488614	-.86	29oct2020
-.4284603	-.82	30oct2020
-.4585381	-.84	02nov2020
-.408298	-.82	03nov2020
-.488614	-.86	04nov2020
-.5187598	-.87	05nov2020
-.4586886	-.82	06nov2020
-.3482147	-.77	09nov2020
-.3279497	-.78	10nov2020
		11nov2020
-.42838	-.83	12nov2020
-.42838	-.83	13nov2020
-.388214	-.81	16nov2020
-.4182979	-.83	17nov2020
-.408298	-.82	18nov2020
-.44846	-.84	19nov2020
-.488614	-.86	20nov2020
-.468538	-.85	23nov2020
-.4583796	-.86	24nov2020
-.4582973	-.87	25nov2020
		26nov2020
-.5184591	-.91	27nov2020
-.5384586	-.93	30nov2020
-.4782969	-.89	01dec2020
-.4580376	-.9	02dec2020
-.4980369	-.94	03dec2020
-.4275647	-.92	04dec2020
-.4374634	-.94	07dec2020
-.4876621	-.97	08dec2020
-.487759	-.96	09dec2020
-.4776622	-.96	10dec2020
-.4876621	-.97	11dec2020
-.4875632	-.98	14dec2020
-.4874622	-.99	15dec2020
-.4671474	-1	16dec2020
-.4772543	-1	17dec2020
-.4671474	-1	18dec2020
-.4873591	-1	21dec2020
-.4670381	-1.01	22dec2020
-.4670381	-1.01	23dec2020
-.5072534	-1.03	24dec2020
		25dec2020
-.5173583	-1.03	28dec2020
-.5073586	-1.02	29dec2020
-.5072534	-1.03	30dec2020
-.5271454	-1.06	31dec2020
		01jan2021
-.5370361	-1.08	04jan2021
-.5068122	-1.07	05jan2021
-.426462	-1.02	06jan2021
-.3860923	-1.01	07jan2021
-.2757072	-.93	08jan2021
-.275969	-.91	11jan2021
-.2959682	-.93	12jan2021
-.356343	-.96	13jan2021
-.2755731	-.94	14jan2021
-.3458362	-.99	15jan2021
		18jan2021
-.3254348	-1	19jan2021
-.3352959	-1.02	20jan2021
-.224276	-.98	21jan2021
-.2545777	-.99	22jan2021
-.3250137	-1.03	25jan2021
-.3250137	-1.03	26jan2021
-.3350132	-1.04	27jan2021
-.3550121	-1.06	28jan2021
-.2744259	-1.02	29jan2021
-.2744259	-1.02	01feb2021
-.274273	-1.03	02feb2021
-.2639617	-1.04	03feb2021
-.2439629	-1.02	04feb2021
-.223644	-1.02	05feb2021
-.2234806	-1.03	08feb2021
-.2436425	-1.04	09feb2021
-.2636412	-1.06	10feb2021
-.2131485	-1.04	11feb2021
-.162811	-1.01	12feb2021
		15feb2021
-.0724685	-.94	16feb2021
-.05247	-.92	17feb2021
-.0024738	-.87	18feb2021
.1082401	-.8	19feb2021
.1691848	-.79	22feb2021
.1895775	-.79	23feb2021
.1895775	-.79	24feb2021
.3387833	-.6	25feb2021
.2287932	-.71	26feb2021
.2797692	-.71	01mar2021
.2097761	-.78	02mar2021
.2497721	-.74	03mar2021
.3501687	-.66	04mar2021
.3297641	-.66	05mar2021
.3289759	-.62	08mar2021
.2685999	-.66	09mar2021
.218986	-.73	10mar2021
.2599736	-.74	11mar2021
.4309985	-.62	12mar2021
.4112158	-.65	15mar2021
.411873	-.68	16mar2021
.4525442	-.67	17mar2021
.5318584	-.56	18mar2021
.480993	-.57	19mar2021
.3701667	-.64	22mar2021
.3399653	-.66	23mar2021
.3303775	-.69	24mar2021
.3507947	-.69	25mar2021
.3912179	-.67	26mar2021
.4209996	-.63	29mar2021
.3901647	-.62	30mar2021
.3699624	-.63	31mar2021
.3399653	-.66	01apr2021
.339563	-.64	02apr2021
.3799614	-.62	05apr2021
.3499644	-.65	06apr2021
.3501687	-.66	07apr2021
.3303775	-.69	08apr2021
.3701667	-.64	09apr2021
.3599634	-.64	12apr2021
.320172	-.69	13apr2021
.320172	-.69	14apr2021
.2095757	-.77	15apr2021
.1993783	-.77	16apr2021
.2597711	-.73	19apr2021
.2395727	-.74	20apr2021
.2093773	-.76	21apr2021
.0973433	-.76	22apr2021
.0973433	-.76	23apr2021
.0671723	-.78	26apr2021
.1176944	-.76	27apr2021
.1282384	-.78	28apr2021
.1687987	-.77	29apr2021
.1991821	-.76	30apr2021
.1895775	-.79	03may2021
.1899806	-.81	04may2021
.1301916	-.88	05may2021
.119785	-.87	06may2021
.1099888	-.89	07may2021
.1001946	-.91	10may2021
.1099888	-.89	11may2021
.1601885	-.85	12may2021
.1193858	-.85	13may2021
.109786	-.88	14may2021
.0897881	-.9	17may2021
.1403975	-.88	18may2021
.1999796	-.8	19may2021
.2097761	-.78	20may2021
.189778	-.8	21may2021
.1699828	-.83	24may2021
.129784	-.86	25may2021
.16978	-.82	26may2021
.1695795	-.81	27may2021
.1089962	-.84	28may2021
		31may2021
.1191895	-.84	01jun2021
.098997	-.85	02jun2021
.1488004	-.79	03jun2021
.0886157	-.84	04jun2021
.0882418	-.82	07jun2021
.0477	-.83	08jun2021
.0271751	-.82	09jun2021
-.052819	-.9	10jun2021
-.0231619	-.85	11jun2021
-.053655	-.85	14jun2021
-.0634914	-.87	15jun2021
.0260205	-.75	16jun2021
-.0855817	-.75	17jun2021
-.0951675	-.79	18jun2021
.0158645	-.75	21jun2021
-.0641306	-.83	22jun2021
-.084284	-.84	23jun2021
-.0644378	-.81	24jun2021
-.0544384	-.8	25jun2021
-.1248796	-.84	28jun2021
-.0844366	-.83	29jun2021
-.1345843	-.87	30jun2021
-.1345843	-.87	01jul2021
-.1444332	-.89	02jul2021
		05jul2021
-.2045805	-.94	06jul2021
-.2551596	-.95	07jul2021
-.1947296	-.92	08jul2021
-.1644322	-.91	09jul2021
-.224728	-.95	12jul2021
-.1639678	-.94	13jul2021
-.2041223	-.97	14jul2021
-.2644264	-1.01	15jul2021
-.3048702	-1.02	16jul2021
-.3855681	-1.05	19jul2021
-.3452955	-1.03	20jul2021
-.2445783	-.98	21jul2021
-.2644264	-1.01	22jul2021
-.2841175	-1.05	23jul2021
-.3542684	-1.11	26jul2021
-.4148645	-1.13	27jul2021
-.4450076	-1.15	28jul2021
-.4450076	-1.15	29jul2021
-.4448629	-1.16	30jul2021
-.4852887	-1.17	02aug2021
-.515426	-1.19	03aug2021
-.4854272	-1.16	04aug2021
-.4558315	-1.1	05aug2021
-.3854318	-1.06	06aug2021
-.3654328	-1.04	09aug2021
-.3654328	-1.04	10aug2021
-.3954316	-1.07	11aug2021
-.3754323	-1.05	12aug2021
-.4257007	-1.08	13aug2021
-.4456998	-1.1	16aug2021
-.4157011	-1.07	17aug2021
-.4058334	-1.05	18aug2021
-.4059636	-1.04	19aug2021
-.4164624	-1.01	20aug2021
-.3859644	-1.02	23aug2021
-.3658353	-1.01	24aug2021
-.3254348	-1	25aug2021
-.3154353	-.99	26aug2021
-.415567	-1.08	27aug2021
-.415567	-1.08	30aug2021
-.3452955	-1.03	31aug2021
-.3554333	-1.03	01sep2021
-.365569	-1.03	02sep2021
-.3151566	-1.01	03sep2021
		06sep2021
-.2648723	-.98	07sep2021
-.3351556	-1.03	08sep2021
-.3952933	-1.08	09sep2021
-.3652945	-1.05	10sep2021
-.355295	-1.04	13sep2021
-.3957018	-1.05	14sep2021
-.3755685	-1.04	15sep2021
-.3252964	-1.01	16sep2021
-.2854366	-.96	17sep2021
-.3560935	-.98	20sep2021
-.3158373	-.96	21sep2021
-.3664642	-.96	22sep2021
-.2558399	-.9	23sep2021
-.2359706	-.87	24sep2021
-.2157098	-.87	27sep2021
-.1654421	-.84	28sep2021
-.125166	-.82	29sep2021
-.1653042	-.85	30sep2021
-.2153017	-.9	01oct2021
-.1951625	-.89	04oct2021
-.2050199	-.91	05oct2021
-.2153017	-.9	06oct2021
-.1648775	-.88	07oct2021
-.1850208	-.89	08oct2021
		11oct2021
-.235575	-.9	12oct2021
-.3259668	-.96	13oct2021
-.3558357	-1	14oct2021
-.3562193	-.97	15oct2021
-.3463433	-.95	18oct2021
-.2357089	-.89	19oct2021
-.2251611	-.92	20oct2021
-.2042771	-.96	21oct2021
-.2648723	-.98	22oct2021
-.2744259	-1.02	25oct2021
-.3245738	-1.06	26oct2021
-.4151518	-1.11	27oct2021
-.2747253	-1	28oct2021
-.2042771	-.96	29oct2021
-.1744316	-.92	01nov2021
-.2044298	-.95	02nov2021
-.1844311	-.93	03nov2021
-.274273	-1.03	04nov2021
-.344422	-1.09	05nov2021
-.4050098	-1.11	08nov2021
-.4548623	-1.17	09nov2021
-.4248639	-1.14	10nov2021
		11nov2021
-.4247172	-1.15	12nov2021
-.3437976	-1.13	15nov2021
-.2934761	-1.1	16nov2021
-.2934761	-1.1	17nov2021
-.3842666	-1.14	18nov2021
-.4151518	-1.11	19nov2021
-.3054357	-.98	22nov2021
-.224728	-.95	23nov2021
-.2447269	-.97	24nov2021
		25nov2021
-.3751538	-1.07	26nov2021
-.3048702	-1.02	29nov2021
-.4764604	-1.07	30nov2021
-.4670381	-1.01	01dec2021
-.5375619	-1.03	02dec2021
-.567357	-1.08	03dec2021
-.4366988	-1.01	06dec2021
-.3964631	-.99	07dec2021
-.3862181	-1	08dec2021
-.416815	-.98	09dec2021
-.4069286	-.96	10dec2021
-.437039	-.98	13dec2021
-.4274638	-.93	14dec2021
-.4275647	-.92	15dec2021
-.447148	-.98	16dec2021
-.4674627	-.97	17dec2021
-.4372553	-.96	20dec2021
-.4675636	-.96	21dec2021
-.5478524	-1.01	22dec2021
-.4674627	-.97	23dec2021
		24dec2021
-.5477576	-1.02	27dec2021
-.5074617	-1.01	28dec2021
-.416815	-.98	29dec2021
-.5271454	-1.06	30dec2021
-.4666978	-1.04	31dec2021
-.3562193	-.97	03jan2022
-.2557082	-.91	04jan2022
-.1960998	-.82	05jan2022
-.1567083	-.73	06jan2022
-.1568234	-.72	07jan2022
-.1570474	-.7	10jan2022
-.2167062	-.79	11jan2022
-.156591	-.74	12jan2022
-.1567083	-.73	13jan2022
-.0765938	-.66	14jan2022
		17jan2022
-.0268275	-.59	18jan2022
-.0270512	-.57	19jan2022
.1238875	-.5	20jan2022
-.0167128	-.59	21jan2022
-.0465948	-.63	24jan2022
-.036476	-.63	25jan2022
.0331707	-.53	26jan2022
-.07737	-.59	27jan2022
-.1271572	-.66	28jan2022
-.0969382	-.65	31jan2022
-.0669392	-.62	01feb2022
-.0668262	-.63	02feb2022
-.0170515	-.56	03feb2022
.0427313	-.48	04feb2022
.032627	-.48	07feb2022
.0425242	-.46	08feb2022
.0023263	-.48	09feb2022
.0118649	-.42	10feb2022
-.0377691	-.51	11feb2022
.0126275	-.5	14feb2022
.0927299	-.43	15feb2022
.1129446	-.43	16feb2022
.1031683	-.46	17feb2022
.0630567	-.49	18feb2022
		21feb2022
.0228385	-.51	22feb2022
.0434021	-.54	23feb2022
.0338912	-.59	24feb2022
.0235218	-.57	25feb2022
-.1762262	-.79	28feb2022
-.2153017	-.9	01mar2022
-.2058421	-.85	02mar2022
-.2263478	-.83	03mar2022
-.3162208	-.93	04mar2022
-.3964631	-.99	07mar2022
-.4464613	-1.04	08mar2022
-.3368174	-.9	09mar2022
-.2560975	-.88	10mar2022
-.3160951	-.94	11mar2022
-.1762262	-.79	14mar2022
-.0559779	-.69	15mar2022
-.0569396	-.61	16mar2022
-.075977	-.71	17mar2022
-.0961038	-.72	18mar2022
.0337659	-.58	21mar2022
.0736412	-.53	22mar2022
-.0062327	-.62	23mar2022
.0438908	-.58	24mar2022
.1032831	-.47	25mar2022
.0428379	-.49	28mar2022
.0121355	-.45	29mar2022
-.0478632	-.51	30mar2022
-.1183851	-.52	31mar2022
-.0889684	-.41	01apr2022
-.0388356	-.38	04apr2022
.0210304	-.3	05apr2022
.1413035	-.22	06apr2022
.241609	-.16	07apr2022
.2717741	-.15	08apr2022
.3421283	-.12	11apr2022
.372618	-.14	12apr2022
.3924152	-.1	13apr2022
.4223165	-.06	14apr2022
		15apr2022
.4325143	-.07	18apr2022
.4520341	0	19apr2022
.3517727	-.07	20apr2022
.1708445	-.12	21apr2022
.2712303	-.08	22apr2022
.2310937	-.1	25apr2022
.3014507	-.08	26apr2022
.351689	-.06	27apr2022
.2916899	-.12	28apr2022
.4015268	.01	29apr2022
.5614469	.18	02may2022
.4811583	.14	03may2022
.4514485	.07	04may2022
.5816035	.18	05may2022
.6817668	.26	06may2022
.7116829	.3	09may2022
.6912251	.34	10may2022
.5310251	.21	11may2022
.5810899	.25	12may2022
.621446	.24	13may2022
.6116846	.2	16may2022
.6615229	.27	17may2022
.5010908	.17	18may2022
.6314459	.25	19may2022
.5409618	.23	20may2022
.5609003	.26	23may2022
.5310251	.21	24may2022
.5512982	.19	25may2022
.521525	.13	26may2022
.461228	.11	27may2022
		30may2022
.5712979	.21	31may2022
.6009611	.29	01jun2022
.5709615	.26	02jun2022
.5309619	.22	03jun2022
.5809002	.28	06jun2022
.5408413	.25	07jun2022
.5909613	.28	08jun2022
.5909001	.29	09jun2022
.6607281	.39	10jun2022
.9305734	.69	13jun2022
1.050254	.89	14jun2022
.8806226	.63	15jun2022
.8403225	.66	16jun2022
.8001681	.67	17jun2022
		20jun2022
.8602546	.7	21jun2022
.7601951	.62	22jun2022
.7301951	.59	23jun2022
.7804394	.57	24jun2022
.8503982	.65	27jun2022
.920398	.72	28jun2022
.9203222	.74	29jun2022
.8704818	.65	30jun2022
.8006741	.54	01jul2022
		04jul2022
.7304396	.52	05jul2022
.8002548	.64	06jul2022
.8402547	.68	07jul2022
.9304388	.72	08jul2022
.8503224	.67	11jul2022
.7701681	.64	12jul2022
.6900806	.6	13jul2022
.7200995	.62	14jul2022
.6801204	.57	15jul2022
.7502549	.59	18jul2022
.770224	.62	19jul2022
.8102239	.66	20jul2022
.7101682	.58	21jul2022
.5501435	.43	22jul2022
.5901954	.45	25jul2022
.5701435	.45	26jul2022
.5102246	.36	27jul2022
.3803239	.2	28jul2022
.3102891	.14	29jul2022
.2402251	.09	01aug2022
.3801208	.27	02aug2022
.3200809	.23	03aug2022
.3200999	.22	04aug2022
.4100159	.37	05aug2022
.320009	.29	08aug2022
.350004	.33	09aug2022
.380009	.35	10aug2022
.4900808	.4	11aug2022
.4400488	.37	12aug2022
.4100359	.35	15aug2022
.4200159	.38	16aug2022
.470016	.43	17aug2022
.400016	.36	18aug2022
.470016	.43	19aug2022
.490009	.46	22aug2022
.5300359	.47	23aug2022
.5700638	.49	24aug2022
.4800249	.43	25aug2022
.47	.47	26aug2022
.520004	.54	29aug2022
.5200159	.56	30aug2022
.6200248	.67	31aug2022
.7500357	.81	01sep2022
.710004	.73	02sep2022
		05sep2022
.830004	.85	06sep2022
.7800158	.82	07sep2022
.8300248	.88	08sep2022
.880009	.91	09sep2022
.95	.95	12sep2022
.9400159	.98	13sep2022
.9200089	.95	14sep2022
.9500484	1.02	15sep2022
1.010036	1.07	16sep2022
1.050099	1.15	19sep2022
1.070099	1.17	20sep2022
.9901935	1.13	21sep2022
1.120285	1.29	22sep2022
1.060665	1.32	23sep2022
1.300664	1.56	26sep2022
1.420475	1.64	27sep2022
1.230252	1.39	28sep2022
1.34052	1.57	29sep2022
1.440565	1.68	30sep2022
1.220434	1.43	03oct2022
1.200319	1.38	04oct2022
1.380252	1.54	05oct2022
1.460221	1.61	06oct2022
1.460252	1.62	07oct2022
		10oct2022
1.460252	1.62	11oct2022
1.440318	1.62	12oct2022
1.430393	1.63	13oct2022
1.370476	1.59	14oct2022
1.380355	1.57	17oct2022
1.410355	1.6	18oct2022
1.550284	1.72	19oct2022
1.660048	1.73	20oct2022
1.730016	1.69	21oct2022
1.680004	1.66	24oct2022
1.550016	1.59	25oct2022
1.560016	1.6	26oct2022
1.500001	1.51	27oct2022
1.450035	1.51	28oct2022
1.560004	1.58	31oct2022
1.500035	1.56	01nov2022
1.520025	1.57	02nov2022
1.660063	1.74	03nov2022
1.660009	1.69	04nov2022
1.660009	1.69	07nov2022
1.580035	1.64	08nov2022
1.660016	1.7	09nov2022
1.380025	1.43	10nov2022
		11nov2022
1.440048	1.51	14nov2022
1.370063	1.45	15nov2022
1.280099	1.38	16nov2022
1.370142	1.49	17nov2022
1.430193	1.57	18nov2022
1.410119	1.52	21nov2022
1.300193	1.44	22nov2022
1.230252	1.39	23nov2022
		24nov2022
1.210222	1.36	25nov2022
1.270252	1.43	28nov2022
1.380142	1.5	29nov2022
1.270048	1.34	30nov2022
1.110035	1.17	01dec2022
1.000063	1.08	02dec2022
1.080167	1.21	05dec2022
1.050222	1.2	06dec2022
1.030167	1.16	07dec2022
1.050222	1.2	08dec2022
1.170193	1.31	09dec2022
1.210142	1.33	12dec2022
1.190063	1.27	13dec2022
1.21008	1.3	14dec2022
1.150167	1.28	15dec2022
1.230142	1.35	16dec2022
1.33008	1.42	19dec2022
1.370063	1.45	20dec2022
1.350035	1.41	21dec2022
1.410048	1.48	22dec2022
1.530004	1.55	23dec2022
		26dec2022
1.550009	1.58	27dec2022
1.560016	1.6	28dec2022
1.500035	1.56	29dec2022
1.500063	1.58	30dec2022
		02jan2023
1.410142	1.53	03jan2023
1.300284	1.47	04jan2023
1.300355	1.49	05jan2023
1.170285	1.34	06jan2023
1.140285	1.31	09jan2023
1.220222	1.37	10jan2023
1.170193	1.31	11jan2023
1.120099	1.22	12jan2023
1.22008	1.31	13jan2023
		16jan2023
1.300036	1.36	17jan2023
1.16008	1.25	18jan2023
1.110063	1.19	19jan2023
1.170063	1.25	20jan2023
1.15008	1.24	23jan2023
1.090099	1.19	24jan2023
1.08008	1.17	25jan2023
1.060099	1.16	26jan2023
1.090099	1.19	27jan2023
1.140142	1.26	30jan2023
1.200063	1.28	31jan2023
1.090025	1.14	01feb2023
1.130025	1.18	02feb2023
1.22008	1.31	03feb2023
1.280099	1.38	06feb2023
1.27008	1.36	07feb2023
1.220048	1.29	08feb2023
1.260063	1.34	09feb2023
1.360025	1.41	10feb2023
1.330063	1.41	13feb2023
1.37008	1.46	14feb2023
1.390048	1.46	15feb2023
1.440025	1.49	16feb2023
1.390048	1.46	17feb2023
		20feb2023
1.480024	1.53	21feb2023
1.43008	1.52	22feb2023
1.390098	1.49	23feb2023
1.420221	1.57	24feb2023
1.440142	1.56	27feb2023
1.380119	1.49	28feb2023
1.460119	1.57	01mar2023
1.530048	1.6	02mar2023
1.350099	1.45	03mar2023
1.410063	1.49	06mar2023
1.410318	1.59	07mar2023
1.450433	1.66	08mar2023
1.470252	1.63	09mar2023
1.260319	1.44	10mar2023
1.200119	1.31	13mar2023
1.230099	1.33	14mar2023
1.180016	1.22	15mar2023
1.220142	1.34	16mar2023
1.240025	1.29	17mar2023
1.24008	1.33	20mar2023
1.240142	1.36	21mar2023
1.170009	1.2	22mar2023
1.250036	1.19	23mar2023
1.120016	1.16	24mar2023
1.260009	1.29	27mar2023
1.190025	1.24	28mar2023
1.190025	1.24	29mar2023
1.160025	1.21	30mar2023
1.120016	1.16	31mar2023
1.150001	1.14	03apr2023
1.130009	1.1	04apr2023
1.07	1.07	05apr2023
1.06	1.06	06apr2023
1.120004	1.14	07apr2023
1.100016	1.14	10apr2023
1.100016	1.14	11apr2023
1.110009	1.14	12apr2023
1.100035	1.16	13apr2023
1.150048	1.22	14apr2023
1.220035	1.28	17apr2023
1.240035	1.3	18apr2023
1.260036	1.32	19apr2023
1.210048	1.28	20apr2023
1.220048	1.29	21apr2023
1.210009	1.24	24apr2023
1.130004	1.15	25apr2023
1.160004	1.18	26apr2023
1.210025	1.26	27apr2023
1.210025	1.26	28apr2023
1.320016	1.36	01may2023
1.200016	1.24	02may2023
1.18	1.18	03may2023
1.200004	1.18	04may2023
1.240001	1.23	05may2023
1.310004	1.29	08may2023
1.310001	1.3	09may2023
1.280004	1.26	10may2023
1.200009	1.23	11may2023
1.220035	1.28	12may2023
1.280009	1.31	15may2023
1.290036	1.35	16may2023
1.280048	1.35	17may2023
1.310119	1.42	18may2023
1.350119	1.46	19may2023
1.370119	1.48	22may2023
1.330119	1.44	23may2023
1.350166	1.48	24may2023
1.380393	1.58	25may2023
1.350476	1.57	26may2023
		29may2023
1.250476	1.47	30may2023
1.250434	1.46	31may2023
1.270319	1.45	01jun2023
1.310393	1.51	02jun2023
1.330284	1.5	05jun2023
1.290434	1.5	06jun2023
1.380393	1.58	07jun2023
1.330393	1.53	08jun2023
1.310566	1.55	09jun2023
1.320566	1.56	12jun2023
1.390613	1.64	13jun2023
1.330825	1.62	14jun2023
1.270566	1.51	15jun2023
1.280716	1.55	16jun2023
		19jun2023
1.220884	1.52	20jun2023
1.220826	1.51	21jun2023
1.270826	1.56	22jun2023
1.230884	1.53	23jun2023
1.250826	1.54	26jun2023
1.241069	1.57	27jun2023
1.211005	1.53	28jun2023
1.311133	1.65	29jun2023
1.231271	1.59	30jun2023
1.241342	1.61	03jul2023
		04jul2023
1.33127	1.69	05jul2023
1.41134	1.78	06jul2023
1.451132	1.79	07jul2023
1.460882	1.76	10jul2023
1.421067	1.75	11jul2023
1.310825	1.6	12jul2023
1.270614	1.52	13jul2023
1.290883	1.59	14jul2023
1.260883	1.56	17jul2023
1.270884	1.57	18jul2023
1.211005	1.53	19jul2023
1.131344	1.5	20jul2023
1.121344	1.49	21jul2023
1.111344	1.48	24jul2023
1.151344	1.52	25jul2023
1.151203	1.5	26jul2023
1.311068	1.64	27jul2023
1.261005	1.58	28jul2023
1.290943	1.6	31jul2023
1.380882	1.68	01aug2023
1.450715	1.72	02aug2023
1.600518	1.83	03aug2023
1.450475	1.67	04aug2023
1.490354	1.68	07aug2023
1.460393	1.66	08aug2023
1.430519	1.66	09aug2023
1.560392	1.76	10aug2023
1.590432	1.8	11aug2023
1.590564	1.83	14aug2023
1.660518	1.89	15aug2023
1.730518	1.96	16aug2023
1.760432	1.97	17aug2023
1.720474	1.94	18aug2023
1.790431	2	21aug2023
1.760517	1.99	22aug2023
1.580662	1.84	23aug2023
1.670564	1.91	24aug2023
1.650713	1.92	25aug2023
1.630713	1.9	28aug2023
1.580612	1.83	29aug2023
1.610612	1.86	30aug2023
1.620518	1.85	31aug2023
1.720392	1.92	01sep2023
		04sep2023
1.800317	1.98	05sep2023
1.790431	2	06sep2023
1.760353	1.95	07sep2023
1.730391	1.93	08sep2023
1.740392	1.94	11sep2023
1.720432	1.93	12sep2023
1.690432	1.9	13sep2023
1.750392	1.95	14sep2023
1.780391	1.98	15sep2023
1.750432	1.96	18sep2023
1.790431	2	19sep2023
1.750611	2	20sep2023
1.900431	2.11	21sep2023
1.860431	2.07	22sep2023
1.990353	2.18	25sep2023
2.040352	2.23	26sep2023
2.100282	2.27	27sep2023
2.05022	2.2	28sep2023
2.100191	2.24	29sep2023
2.190219	2.34	02oct2023
2.310191	2.45	03oct2023
2.260191	2.4	04oct2023
2.280165	2.41	05oct2023
2.360118	2.47	06oct2023
		09oct2023
2.240097	2.34	10oct2023
2.130165	2.26	11oct2023
